electr_supervise_no,id,province,city,right_city,location,data_source_url,bd_lat,bd_lon,tdt_lat,tdt_lonflag
"1101002014B00697","384f9f34-1ba3-4b4f-a750-01f41d135aae","北京市","北京市","北京市","北京市顺义区赵全营镇镇中心区E1-03、E3-03、E3-04等地块R2二类居住用地、C21商业用地、R52小学用地（配建限价商品房）（原板桥二期）","http://www.landchina.com/default.aspx?tabid=386&comname=default&wmguid=75c72564-ffd9-426a-954b-8ac2df0903b7&recorderguid=384f9f34-1ba3-4b4f-a750-01f41d135aae",0.000000,0.000000,40.085732,116.751248,0
"1101002015B00574","30b7ffa7-7ddb-4abc-82a7-240fd4d0572c","北京市","北京市","北京市","北京市昌平区北七家镇（未来科技城南区）CP07-0600-0049、0062地块F1住宅混合公建用地（配建“人才公共租赁住房”）","http://www.landchina.com/default.aspx?tabid=386&comname=default&wmguid=75c72564-ffd9-426a-954b-8ac2df0903b7&recorderguid=30b7ffa7-7ddb-4abc-82a7-240fd4d0572c",0.000000,0.000000,40.116820,116.417264,0
"1101002016B01263","477550c8-64fd-468e-ace5-3f482621c669","北京市","北京市","北京市","海淀北部地区整体开发”永丰产业基地（新）HD00-0401-0146地块R2二类居住用地（配建“公共租赁住房”）","http://www.landchina.com/default.aspx?tabid=386&comname=default&wmguid=75c72564-ffd9-426a-954b-8ac2df0903b7&recorderguid=477550c8-64fd-468e-ace5-3f482621c669",0.000000,0.000000,39.730048,116.128968,0
"1101002014B02729","ac7e02b7-67a1-4b60-99da-1aee46695794","北京市","北京市","北京市","北京市通州区永顺镇0204-A地块R2二类居住用地和0204-B地块R53托幼用地（配建公共租赁住房）","http://www.landchina.com/default.aspx?tabid=386&comname=default&wmguid=75c72564-ffd9-426a-954b-8ac2df0903b7&recorderguid=ac7e02b7-67a1-4b60-99da-1aee46695794",0.000000,0.000000,39.893908,116.626072,0
"1101002015B01915","4c952eb9-5ecc-408d-a39b-6d524873633d","北京市","北京市","北京市","北京市门头沟区永定镇MC00-0017-6021、6022地块R2二类居住用地、A33基础教育用地（配建公共租赁住房）（门头沟S1线区域组团03地块北部一期用地）","http://www.landchina.com/default.aspx?tabid=386&comname=default&wmguid=75c72564-ffd9-426a-954b-8ac2df0903b7&recorderguid=4c952eb9-5ecc-408d-a39b-6d524873633d",0.000000,0.000000,39.902100,116.107136,0
"1101002014B03236","13d69ceb-19fd-4c32-8b33-6d373ba47fb4","北京市","北京市","北京市","北京市门头沟区永定镇MC00-0015-0059等地块R2二类居住用地、S4社会停车场库用地、A33基础教育用地（配建公共租赁住房）（原门头沟冯村、何各庄地区土地一级开发项目A地块部分地块北区） ","http://www.landchina.com/default.aspx?tabid=386&comname=default&wmguid=75c72564-ffd9-426a-954b-8ac2df0903b7&recorderguid=13d69ceb-19fd-4c32-8b33-6d373ba47fb4",0.000000,0.000000,39.902100,116.107136,0
"1101002015B02536","66dfed27-8cac-4c7a-b8b6-7abcd02f5273","北京市","北京市","北京市","北京市昌平区北七家镇（未来科技城南区）CP07-0600-0005、0026地块B4综合性商业金融服务业用地","http://www.landchina.com/default.aspx?tabid=386&comname=default&wmguid=75c72564-ffd9-426a-954b-8ac2df0903b7&recorderguid=66dfed27-8cac-4c7a-b8b6-7abcd02f5273",0.000000,0.000000,40.116820,116.417264,0
"1101002014B00984","363ce119-16f2-4dd2-83ab-3279927fa6d9","北京市","北京市","北京市","北京市大兴区旧宫镇DX-07-0201-0040等地块R2二类居住、R53托幼用地项目（配建限价商品住房和定向安置房）","http://www.landchina.com/default.aspx?tabid=386&comname=default&wmguid=75c72564-ffd9-426a-954b-8ac2df0903b7&recorderguid=363ce119-16f2-4dd2-83ab-3279927fa6d9",0.000000,0.000000,39.689300,116.312656,0
"1101002014B00491","35d5bf6d-b3f2-4110-b200-0067f175201c","北京市","北京市","北京市","北京市门头沟区门头沟新城MC00-0017-6010等地块（S1线区域组团西南侧地块）商业金融及社会停车场库用地","http://www.landchina.com/default.aspx?tabid=386&comname=default&wmguid=75c72564-ffd9-426a-954b-8ac2df0903b7&recorderguid=35d5bf6d-b3f2-4110-b200-0067f175201c",0.000000,0.000000,39.942600,116.100480,0
"1101002011B15673","bbc8cb71-1a28-4a93-91b0-a56218f35712","北京市","北京市","北京市","北京市房山区长阳镇02-2-04等地块居住、混合公建及其他市政设施用地（配建限价商品房）项目","http://www.landchina.com/default.aspx?tabid=386&comname=default&wmguid=75c72564-ffd9-426a-954b-8ac2df0903b7&recorderguid=bbc8cb71-1a28-4a93-91b0-a56218f35712",0.000000,0.000000,39.764012,116.211056,0
"1101002011B16136","2f0ecb31-b1ff-415f-a2a0-cbfb2a11801b","北京市","北京市","北京市","北京市丰台区郭公庄车辆段项目五期1518-632地块U2交通设施用地兼容居住、公建（配建公共租赁住房）","http://www.landchina.com/default.aspx?tabid=386&comname=default&wmguid=75c72564-ffd9-426a-954b-8ac2df0903b7&recorderguid=2f0ecb31-b1ff-415f-a2a0-cbfb2a11801b",0.000000,0.000000,39.812300,116.306808,0
"1101002015B00201","d4e3bae0-3b72-4a7a-a79b-90b7924234d9","北京市","北京市","北京市","北京市丰台区花乡白盆窑村1516-0665等地块（丰台区城乡一体化白盆窑村旧村改造一期二期）二类居住及基础教育用地（配建“限价商品住房”）","http://www.landchina.com/default.aspx?tabid=386&comname=default&wmguid=75c72564-ffd9-426a-954b-8ac2df0903b7&recorderguid=d4e3bae0-3b72-4a7a-a79b-90b7924234d9",0.000000,0.000000,39.814752,116.326616,0
"1101002015B00197","1c85d7a5-b5e8-4aeb-9113-fabef55a3ee0","北京市","北京市","北京市","北京市丰台区亚林西居住区一期（0501-613、614、660地块）二类居住、其他类多功能及基础教育用地（配建“限价商品住房”）","http://www.landchina.com/default.aspx?tabid=386&comname=default&wmguid=75c72564-ffd9-426a-954b-8ac2df0903b7&recorderguid=1c85d7a5-b5e8-4aeb-9113-fabef55a3ee0",0.000000,0.000000,39.855560,116.346704,0
"1101002015B02394","0b10b33c-ba98-420e-9003-37c19fefa48f","北京市","北京市","北京市","北京市密云县密云镇密云新城0102街区MY00-0102-6021、6022、6023、6024地块R2二类居住、A33基础教育用地（配建“回迁安置用房”）","http://www.landchina.com/default.aspx?tabid=386&comname=default&wmguid=75c72564-ffd9-426a-954b-8ac2df0903b7&recorderguid=0b10b33c-ba98-420e-9003-37c19fefa48f",0.000000,0.000000,40.368220,116.834384,0
"1101002014B00997","95aa6765-0b88-443f-8a4b-fe964560b66a","北京市","北京市","北京市","北京市朝阳区来广营乡LGY-04、LGY-03、LGY-06地块二类居住、小学、中学用地（配建限价商品住房）","http://www.landchina.com/default.aspx?tabid=386&comname=default&wmguid=75c72564-ffd9-426a-954b-8ac2df0903b7&recorderguid=95aa6765-0b88-443f-8a4b-fe964560b66a",0.000000,0.000000,39.969452,116.420432,0
"1101002014B02686","4c8ea557-8ca9-4ff5-a258-cfd0a65be26f","北京市","北京市","北京市","北京市房山区房山新城良乡组团14街区14-03-05等地块（原北京西南良乡物流基地A-013地块北侧）C2商业金融用地","http://www.landchina.com/default.aspx?tabid=386&comname=default&wmguid=75c72564-ffd9-426a-954b-8ac2df0903b7&recorderguid=4c8ea557-8ca9-4ff5-a258-cfd0a65be26f",0.000000,0.000000,39.721228,116.110136,0
"1101002015B01863","2b9c554f-c0e8-4ab5-83e8-ea0bb3ef3b1a","北京市","北京市","北京市","北京市朝阳区孙河乡北甸西村2902-18、2902-19、2902-27地块社区配套服务设施、住宅混合公建、二类居住用地","http://www.landchina.com/default.aspx?tabid=386&comname=default&wmguid=75c72564-ffd9-426a-954b-8ac2df0903b7&recorderguid=2b9c554f-c0e8-4ab5-83e8-ea0bb3ef3b1a",0.000000,0.000000,40.036388,116.537392,0
"1101002011B16660","8acd3ba1-4e59-4c03-95d4-873ac3e490c2","北京市","北京市","北京市","北京市大兴区旧宫镇绿隔地区建设旧村改造二期1号地地块二类居住用地、中学用地、托幼用地项目","http://www.landchina.com/default.aspx?tabid=386&comname=default&wmguid=75c72564-ffd9-426a-954b-8ac2df0903b7&recorderguid=8acd3ba1-4e59-4c03-95d4-873ac3e490c2",0.000000,0.000000,39.726748,116.329808,0
"1101002014B02807","d06ea478-ee5d-4ffd-97ed-ec6b7a42cd45","北京市","北京市","北京市","北京市海淀北部地区整体开发中关村翠湖科技园HD-0302-194、HD-0302-223地块C2商业金融用地","http://www.landchina.com/default.aspx?tabid=386&comname=default&wmguid=75c72564-ffd9-426a-954b-8ac2df0903b7&recorderguid=d06ea478-ee5d-4ffd-97ed-ec6b7a42cd45",0.000000,0.000000,40.063200,116.155472,0
"1101002015B02447","5786d441-468a-4b73-a3e8-55bb87876c26","北京市","北京市","北京市","北京市房山区长阳镇02街区02-2-02、02—06地块（房山轨道交通稻田站C地块）住宅混合公建及二类居住用地","http://www.landchina.com/default.aspx?tabid=386&comname=default&wmguid=75c72564-ffd9-426a-954b-8ac2df0903b7&recorderguid=5786d441-468a-4b73-a3e8-55bb87876c26",0.000000,0.000000,39.764012,116.211056,0
"1101002017B00810","3d53a7b0-6bbf-4b6e-af8c-99485d91a2f7","北京市","北京市","北京市","北京市顺义区天竺镇第22街区SY00-0022-6015R2二类居住、SY00-0022-6016A33基础教育用地","http://www.landchina.com/default.aspx?tabid=386&comname=default&wmguid=75c72564-ffd9-426a-954b-8ac2df0903b7&recorderguid=3d53a7b0-6bbf-4b6e-af8c-99485d91a2f7",0.000000,0.000000,40.230580,116.539704,0
"1101002014B02673","b8b216ef-0ca2-4832-b871-6605456cc48d","北京市","北京市","北京市","北京市房山区房山新城良乡组团14-03-13地块（原北京西南良乡物流基地A-013地块南侧）C2商业金融用地","http://www.landchina.com/default.aspx?tabid=386&comname=default&wmguid=75c72564-ffd9-426a-954b-8ac2df0903b7&recorderguid=b8b216ef-0ca2-4832-b871-6605456cc48d",0.000000,0.000000,39.721228,116.110136,0
"110100000","AA8F31C5B875476C936011E664A4EDAA","北京市","北京市","北京市","中关村科技园丰台园区北京天香组织工程化人体器官临床应用孵化器及中试产业化基地项目","http://www.landchina.com/default.aspx?tabid=386&comname=default&wmguid=75c72564-ffd9-426a-954b-8ac2df0903b7&recorderguid=AA8F31C5B875476C936011E664A4EDAA",0.000000,0.000000,40.040760,116.350680,0
"1101002015B02247","bfb64f81-9b05-40d3-805a-db218ede54d1","北京市","北京市","北京市","北京市平谷区平谷新城05街区PG-0005-099、103、104地块R2二类居住用地及113地块R53托幼用地","http://www.landchina.com/default.aspx?tabid=386&comname=default&wmguid=75c72564-ffd9-426a-954b-8ac2df0903b7&recorderguid=bfb64f81-9b05-40d3-805a-db218ede54d1",0.000000,0.000000,40.123996,117.103296,0
"1101002018B00134","b8da6542-01c1-4d07-a787-a082747e046b","北京市","北京市","北京市","北京市延庆区新城03街区会展中心东侧一期YQ00-0003-0002等地块二类居住、供电、环卫设施及基础教育用地","http://www.landchina.com/default.aspx?tabid=386&comname=default&wmguid=75c72564-ffd9-426a-954b-8ac2df0903b7&recorderguid=b8da6542-01c1-4d07-a787-a082747e046b",0.000000,0.000000,40.473712,115.976912,0
"1101002014B03129","dac7a4a5-2e29-4233-8364-ef26cc56df87","北京市","北京市","北京市","北京市门头沟区潭柘寺MC01-0003-0067等地块R2二类居住用地、F1住宅混合公建用地等用途用地（配建经济适用住房）（原门头沟潭柘寺镇中心区C地块项目）","http://www.landchina.com/default.aspx?tabid=386&comname=default&wmguid=75c72564-ffd9-426a-954b-8ac2df0903b7&recorderguid=dac7a4a5-2e29-4233-8364-ef26cc56df87",0.000000,0.000000,39.877240,116.023872,0
"1101002014B03228","bf752164-0f17-44d5-850b-0794f070b118","北京市","北京市","北京市","北京市顺义区前进新城01-02-09、01-02-10、01-02-07二类居住用地、住宅混合公建用地、托幼用地（配建限价商品用房）","http://www.landchina.com/default.aspx?tabid=386&comname=default&wmguid=75c72564-ffd9-426a-954b-8ac2df0903b7&recorderguid=bf752164-0f17-44d5-850b-0794f070b118",0.000000,0.000000,40.113448,116.644152,0
"1101002015B02468","10d6bf32-4709-4cbb-ad71-736157320386","北京市","北京市","北京市","北京房山区阎村镇04街区04-0005等地块综合性商业金融服务业、二类居住及体育用地（配建“限价商品住房”）","http://www.landchina.com/default.aspx?tabid=386&comname=default&wmguid=75c72564-ffd9-426a-954b-8ac2df0903b7&recorderguid=10d6bf32-4709-4cbb-ad71-736157320386",0.000000,0.000000,39.981900,116.402728,0
"1101002013B03677","9c1ebb6f-1653-4c9c-a277-8dc58206c1e3","北京市","北京市","北京市","北京市延庆县沈家营镇东王化营村西侧A-03、B-05地块R2二类居住用地（配建“经济适用住房”、“限价商品住房”）","http://www.landchina.com/default.aspx?tabid=386&comname=default&wmguid=75c72564-ffd9-426a-954b-8ac2df0903b7&recorderguid=9c1ebb6f-1653-4c9c-a277-8dc58206c1e3",0.000000,0.000000,40.484828,116.036176,0
"1101002015B02500","f723bd6a-d7c2-4e50-aca2-fecaae4dcfe6","北京市","北京市","北京市","北京市门头沟区永定镇MC00-0017-6018、6020地块R2二类居住用地（门头沟S1线区域组团03地块北部二期用地） ","http://www.landchina.com/default.aspx?tabid=386&comname=default&wmguid=75c72564-ffd9-426a-954b-8ac2df0903b7&recorderguid=f723bd6a-d7c2-4e50-aca2-fecaae4dcfe6",0.000000,0.000000,39.902100,116.107136,0
"1101002015B01677","1f7ec914-dbf3-4dcc-9a7e-8a143fb4a404","北京市","北京市","北京市","北京市丰台区花乡四合庄（中关村科技园丰台园东区三期）1516-12-A地块B4综合性商业金融服务业用地 ","http://www.landchina.com/default.aspx?tabid=386&comname=default&wmguid=75c72564-ffd9-426a-954b-8ac2df0903b7&recorderguid=1f7ec914-dbf3-4dcc-9a7e-8a143fb4a404",0.000000,0.000000,39.867280,116.272848,0
"1101002016B01478","7c79f6dd-698a-47c2-8036-64a4ca4ab8a5","北京市","北京市","北京市","北京市海淀区“海淀北部地区整体开发”永丰产业基地（新）HD00-0401-0132、0120、0162、地块二类居住及零售商业用地","http://www.landchina.com/default.aspx?tabid=386&comname=default&wmguid=75c72564-ffd9-426a-954b-8ac2df0903b7&recorderguid=7c79f6dd-698a-47c2-8036-64a4ca4ab8a5",0.000000,0.000000,39.958079,116.292384,0
"1101002013B03221","7de68bad-3f8c-41b1-84ec-77d320551d1b","北京市","北京市","北京市","北京市怀柔区迎宾路西侧HR-0002-54地块R2二类居住用地（杨家园住宅小区一级开发项目）","http://www.landchina.com/default.aspx?tabid=386&comname=default&wmguid=75c72564-ffd9-426a-954b-8ac2df0903b7&recorderguid=7de68bad-3f8c-41b1-84ec-77d320551d1b",0.000000,0.000000,40.321300,116.653528,0
"1101002016B00908","5836cf27-07c7-4680-82b3-1683210f2c58","北京市","北京市","北京市","北京市通州区台湖镇、张家湾镇、梨园镇F3其他类多功能用地、B31娱乐用地、B4综合性商业金融服务业用地、B14旅馆用地、S41公用停车场用地和U12供电用地","http://www.landchina.com/default.aspx?tabid=386&comname=default&wmguid=75c72564-ffd9-426a-954b-8ac2df0903b7&recorderguid=5836cf27-07c7-4680-82b3-1683210f2c58",0.000000,0.000000,39.908600,116.649720,0
"1101002015B02388","350dfbc9-8242-4a5d-aaa0-8d5584a0a77f","北京市","北京市","北京市","北京市昌平区小汤山镇（未来科技城北区）CP05-0801-0018、0020、0021地块F2公建混合住宅用地 、F3其他类多功能用地","http://www.landchina.com/default.aspx?tabid=386&comname=default&wmguid=75c72564-ffd9-426a-954b-8ac2df0903b7&recorderguid=350dfbc9-8242-4a5d-aaa0-8d5584a0a77f",0.000000,0.000000,40.118228,116.416552,0
"1101002018B01243","a66cd171-14ff-4dc1-b1c8-617a1e4793d6","北京市","北京市","北京市","门头沟区永定镇石门营村门头沟区采空棚户区改造石门营A地块定向安置房H地块门头沟区永定镇石门营村","http://www.landchina.com/default.aspx?tabid=386&comname=default&wmguid=75c72564-ffd9-426a-954b-8ac2df0903b7&recorderguid=a66cd171-14ff-4dc1-b1c8-617a1e4793d6",0.000000,0.000000,39.898652,116.097200,0
"1101002014B03010","79bb3a88-eafe-4983-bb4f-74f1ce0bb08f","北京市","北京市","北京市","北京市石景山区刘娘府1604-659等地块（刘娘符综合改造项目A1地块一期）二类居住及商业金融用地","http://www.landchina.com/default.aspx?tabid=386&comname=default&wmguid=75c72564-ffd9-426a-954b-8ac2df0903b7&recorderguid=79bb3a88-eafe-4983-bb4f-74f1ce0bb08f",0.000000,0.000000,39.937148,116.175144,0
"1101002017B01864","d521e03c-830e-4cf4-8a8e-cc4b51fd22bb","北京市","北京市","北京市","北京市延庆区延庆新城YQ00-0300-0004等地块（世园会一期）其他类多功能、综合性商业金融服务业、公建混合住宅、二类居住、供应设施及基础教育用地","http://www.landchina.com/default.aspx?tabid=386&comname=default&wmguid=75c72564-ffd9-426a-954b-8ac2df0903b7&recorderguid=d521e03c-830e-4cf4-8a8e-cc4b51fd22bb",0.000000,0.000000,40.462060,115.980496,0
"1101002015B02437","9201abd6-4baa-473c-9c4d-9e681c39782a","北京市","北京市","北京市","北京市门头沟区永定镇MC00-0020-0009、0012地块B4综合性商业金融服务业用地、F1住宅混合公建用地（配建“限价商品住房”）（门头沟S1线区域组团05地块西南侧用地）","http://www.landchina.com/default.aspx?tabid=386&comname=default&wmguid=75c72564-ffd9-426a-954b-8ac2df0903b7&recorderguid=9201abd6-4baa-473c-9c4d-9e681c39782a",0.000000,0.000000,39.927652,116.034944,0
"1101002015B02514","a55d4163-9d6e-4693-bfbe-9b92a86db31e","北京市","北京市","北京市","北京市通州区TZ07-0103-0012等地块R2二类居住用地、TZ07-0103-0027等地块B1商业用地、TZ07-0103-L001地块A61机构养老设施用地（限价商品住房用地） ","http://www.landchina.com/default.aspx?tabid=386&comname=default&wmguid=75c72564-ffd9-426a-954b-8ac2df0903b7&recorderguid=a55d4163-9d6e-4693-bfbe-9b92a86db31e",0.000000,0.000000,39.851668,116.647952,0
"1101002017B01617","0e316e83-0dbe-4141-9ab0-ef778f344ed5","北京市","北京市","北京市","北京市东城区永外大街0503-602北、606东、606西地块R2二类居住用地、B4综合性商业金融服务业用地","http://www.landchina.com/default.aspx?tabid=386&comname=default&wmguid=75c72564-ffd9-426a-954b-8ac2df0903b7&recorderguid=0e316e83-0dbe-4141-9ab0-ef778f344ed5",0.000000,0.000000,39.913908,116.419840,0
"1101002017B01014","1020db56-ff5a-413d-9fe7-553c478fd411","北京市","北京市","北京市","北京市密云区密云新城0102街区MY00-0102-6002地块（原上好家园）R2二类居住用地（配建“回迁安置用房”）","http://www.landchina.com/default.aspx?tabid=386&comname=default&wmguid=75c72564-ffd9-426a-954b-8ac2df0903b7&recorderguid=1020db56-ff5a-413d-9fe7-553c478fd411",0.000000,0.000000,40.370188,116.836272,0
"1101002017B01396","442f61ee-fb04-42b7-a04b-40217d49e814","北京市","北京市","北京市","北京市丰台区西铁营村0501-634等地块F1住宅混合公建用地、B4综合性商业金融服务业用地、A33基础教育用地","http://www.landchina.com/default.aspx?tabid=386&comname=default&wmguid=75c72564-ffd9-426a-954b-8ac2df0903b7&recorderguid=442f61ee-fb04-42b7-a04b-40217d49e814",0.000000,0.000000,39.870040,116.315368,0
"1101002017B00991","24294704-c5ec-43e3-a2df-86f684184da4","北京市","北京市","北京市","北京市丰台区王佐镇青龙湖地区FT00-0503-0053等地块R2二类居住用地、B4综合性商业金融服务业用地、A61机构养老设施用地、A33基础教育用地、S4社会停车场用地 ","http://www.landchina.com/default.aspx?tabid=386&comname=default&wmguid=75c72564-ffd9-426a-954b-8ac2df0903b7&recorderguid=24294704-c5ec-43e3-a2df-86f684184da4",0.000000,0.000000,39.832388,116.234672,0
"1101002014B02246","dc11b9cc-e022-4b33-9261-a47524d294ac","北京市","北京市","北京市","北京市房山区良乡高教园区17-02-03、17-02-06地块（高教园区10号地北侧）F1住宅混合公建用地（配建限价商品住房）","http://www.landchina.com/default.aspx?tabid=386&comname=default&wmguid=75c72564-ffd9-426a-954b-8ac2df0903b7&recorderguid=dc11b9cc-e022-4b33-9261-a47524d294ac",0.000000,0.000000,39.759684,115.960208,0
"1101002013B01201","35bfc857-aebf-4be9-bdac-5337a2e146a5","北京市","北京市","北京市","北京市门头沟区门头沟新城MC10-033、MC10-035-1、MC10-035-2、MC10-036、MC10-055、MC10-056地块","http://www.landchina.com/default.aspx?tabid=386&comname=default&wmguid=75c72564-ffd9-426a-954b-8ac2df0903b7&recorderguid=35bfc857-aebf-4be9-bdac-5337a2e146a5",0.000000,0.000000,39.942600,116.100480,0
"1101002018B00350","717a61eb-185d-407e-883e-1032999f0d61","北京市","北京市","北京市","北京市顺义区牛栏山镇SY00-0017-6001等地块B1商业用地、R2二类居住用地、F1住宅混合公建用地","http://www.landchina.com/default.aspx?tabid=386&comname=default&wmguid=75c72564-ffd9-426a-954b-8ac2df0903b7&recorderguid=717a61eb-185d-407e-883e-1032999f0d61",0.000000,0.000000,40.033588,116.622912,0
"1101002014B00457","51734ef7-b448-41e6-9db4-8d9edf972845","北京市","北京市","北京市","北京市昌平区沙河镇七里渠南北村QLQ-007公建混合住宅用地、QLQ-009、QLQ-037住宅混合公建用地","http://www.landchina.com/default.aspx?tabid=386&comname=default&wmguid=75c72564-ffd9-426a-954b-8ac2df0903b7&recorderguid=51734ef7-b448-41e6-9db4-8d9edf972845",0.000000,0.000000,40.101164,116.319768,0
"1101002012B20886","405145d3-a161-4ae4-aeb2-ac8199273923","北京市","北京市","北京市","大兴区北臧村镇生物医药基地东配套区5号地二类居住、小学用地项目（配建公共租赁住房）","http://www.landchina.com/default.aspx?tabid=386&comname=default&wmguid=75c72564-ffd9-426a-954b-8ac2df0903b7&recorderguid=405145d3-a161-4ae4-aeb2-ac8199273923",0.000000,0.000000,39.686192,116.316288,0
"1101002016B01368","d7fde468-a434-48b1-afa5-2e8d800dac78","北京市","北京市","北京市","北京市海淀区“海淀北部地区整体开发”永丰产业基地（新）HD00-0401-0093、0097、0099、0108地块二类居住及零售商业用地","http://www.landchina.com/default.aspx?tabid=386&comname=default&wmguid=75c72564-ffd9-426a-954b-8ac2df0903b7&recorderguid=d7fde468-a434-48b1-afa5-2e8d800dac78",0.000000,0.000000,39.958079,116.292384,0
"1101002014B00419","d0742998-e930-4554-ac68-e4ef170fe509","北京市","北京市","北京市","北京市房山区拱辰街道办事处及长阳镇09-04-21地块C2商业金融用地（高教园区2号东侧地块）","http://www.landchina.com/default.aspx?tabid=386&comname=default&wmguid=75c72564-ffd9-426a-954b-8ac2df0903b7&recorderguid=d0742998-e930-4554-ac68-e4ef170fe509",0.000000,0.000000,39.729900,116.137288,0
"1101002013B02467","720bad01-3e93-406c-ad13-3c37eb77ab0f","北京市","北京市","北京市","北京市昌平区沙河镇（沙河高教园区二期（一）地块）R2二类居住用地项目（配建公共租赁住房）","http://www.landchina.com/default.aspx?tabid=386&comname=default&wmguid=75c72564-ffd9-426a-954b-8ac2df0903b7&recorderguid=720bad01-3e93-406c-ad13-3c37eb77ab0f",0.000000,0.000000,40.164536,116.261872,0
"1101002016B00129","c5582a4e-46f4-4b91-a670-f8eed99b1840","北京市","北京市","北京市","北京市顺义区仁和镇05-02-15-1地块R2二类居住用地、05-02-17地块A33基础教育用地限价商品住房项目","http://www.landchina.com/default.aspx?tabid=386&comname=default&wmguid=75c72564-ffd9-426a-954b-8ac2df0903b7&recorderguid=c5582a4e-46f4-4b91-a670-f8eed99b1840",0.000000,0.000000,40.103020,116.659624,0
"1101002017B02360","8078a9a3-f371-4f1b-b254-0c32ae97f3e7","北京市","北京市","北京市","北京市海淀区“海淀北部地区整体开发”西北旺镇亮甲店村HD00-0404-0010、66015、6016、6003、6004地块A2文化设施用地、R二类居住用地、F1住宅混合公建用地","http://www.landchina.com/default.aspx?tabid=386&comname=default&wmguid=75c72564-ffd9-426a-954b-8ac2df0903b7&recorderguid=8078a9a3-f371-4f1b-b254-0c32ae97f3e7",0.000000,0.000000,39.958079,116.292384,0
"1101002015B00017","575bc328-cbe4-420a-a65e-c1f8928b4af9","北京市","北京市","北京市","北京市昌平区北七家镇（未来科技城南区）CP07-0600-0014、0030地块F2公建混合住宅用地项目（配建“人才公共租赁住房”）","http://www.landchina.com/default.aspx?tabid=386&comname=default&wmguid=75c72564-ffd9-426a-954b-8ac2df0903b7&recorderguid=575bc328-cbe4-420a-a65e-c1f8928b4af9",0.000000,0.000000,40.116820,116.417264,0
"1101002015B02489","849a9929-1510-4568-ad57-50713da53361","北京市","北京市","北京市","昌平区沙河镇巩华城区及北区土地一级开发项目0405-026、0405-027、0405-033、0405-034、0405-042地块","http://www.landchina.com/default.aspx?tabid=386&comname=default&wmguid=75c72564-ffd9-426a-954b-8ac2df0903b7&recorderguid=849a9929-1510-4568-ad57-50713da53361",0.000000,0.000000,40.132432,116.275104,0
"1101002013B04079","0fbb9084-1976-46b3-8036-380a0d6cdf16","北京市","北京市","北京市","大兴区孙村组团居住区B-19、B-20地块R2二类居住用地、F3其它类多功能用地项目（配建限价商品住房）","http://www.landchina.com/default.aspx?tabid=386&comname=default&wmguid=75c72564-ffd9-426a-954b-8ac2df0903b7&recorderguid=0fbb9084-1976-46b3-8036-380a0d6cdf16",0.000000,0.000000,39.706376,116.395960,0
"1101002013B03105","339b28c2-6f17-44ee-90de-1f5831fcabb7","北京市","北京市","北京市","北京市房山区房山新城良乡组团06街区06-23-01等地块（原华龙市场）二类居住、商业金融、其他市政公用设施、社会停车场库、托幼及广场用地（配建“限价商品住房）"","http://www.landchina.com/default.aspx?tabid=386&comname=default&wmguid=75c72564-ffd9-426a-954b-8ac2df0903b7&recorderguid=339b28c2-6f17-44ee-90de-1f5831fcabb7",0.000000,0.000000,0.000000,0.000000,0
"1101002014B03326","1adaa59d-e83e-42e7-aa9a-abe9b59db0c9","北京市","北京市","北京市","北京市丰台区长辛店张郭庄地区（原丰台长辛店生态城一期（北区）A地块）二类居住及文化娱乐用地（配建“限价商品住房”）","http://www.landchina.com/default.aspx?tabid=386&comname=default&wmguid=75c72564-ffd9-426a-954b-8ac2df0903b7&recorderguid=1adaa59d-e83e-42e7-aa9a-abe9b59db0c9",0.000000,0.000000,39.825112,116.203936,0
"1101002015B01996","a32f8a5a-1d37-483c-bd7f-69687fa8154d","北京市","北京市","北京市","北京市丰台区花乡樊家村危改6号、12号、2号（教育用地）项目二类居住、机构养老设施、医疗卫生、托幼及中学用地（配建“公共租赁住房”）","http://www.landchina.com/default.aspx?tabid=386&comname=default&wmguid=75c72564-ffd9-426a-954b-8ac2df0903b7&recorderguid=a32f8a5a-1d37-483c-bd7f-69687fa8154d",0.000000,0.000000,39.835900,116.304976,0
"1101002015B02030","f922fa67-cee5-437e-941c-4fad7713a924","北京市","北京市","北京市","北京市丰台区花乡四合庄（中关村科技园丰台园东区三期）1516-28-B地块B4综合性商业金融服务业用地","http://www.landchina.com/default.aspx?tabid=386&comname=default&wmguid=75c72564-ffd9-426a-954b-8ac2df0903b7&recorderguid=f922fa67-cee5-437e-941c-4fad7713a924",0.000000,0.000000,39.867280,116.272848,0
"1101002015B00767","962e7754-4ec0-4cf7-a9d8-5e11a131e0a9","北京市","北京市","北京市","密云县十里堡镇双井村北侧MY00-0204-L002、6006、L001地块二类居住、基础教育、机构养老设施用地（配建“限价商品住房”）","http://www.landchina.com/default.aspx?tabid=386&comname=default&wmguid=75c72564-ffd9-426a-954b-8ac2df0903b7&recorderguid=962e7754-4ec0-4cf7-a9d8-5e11a131e0a9",0.000000,0.000000,0.000000,0.000000,0
"1101002016B00238","0420f086-056a-4e0e-ba62-a99f583f2aa3","北京市","北京市","北京市","北京市朝阳区将台乡驼房营村1016-34、36、40、41地块F2公建混合住宅用地、A33基础教育用地、R2二类居住用地、U12供电用地","http://www.landchina.com/default.aspx?tabid=386&comname=default&wmguid=75c72564-ffd9-426a-954b-8ac2df0903b7&recorderguid=0420f086-056a-4e0e-ba62-a99f583f2aa3",0.000000,0.000000,39.977292,116.497064,0
"1101002016B00257","2f7ba371-e6c8-447b-8121-02c38720339f","北京市","北京市","北京市","北京市门头沟区龙泉镇MC00-0003-0026等地块B1商业用地、F1住宅混合公建用地及A33基础教育用地（原门头沟区城子大街国有资源整合改造升级地块）","http://www.landchina.com/default.aspx?tabid=386&comname=default&wmguid=75c72564-ffd9-426a-954b-8ac2df0903b7&recorderguid=2f7ba371-e6c8-447b-8121-02c38720339f",0.000000,0.000000,39.939080,116.095128,0
"1101002015B01454","91ea58a8-8b18-4784-851e-9384803e8f99","北京市","北京市","北京市","北京市大兴区庞各庄镇PGZ01-04　PGZ01-0５用地（原庞各庄镇镇区改造项目１号地部分地块）Ｆ３其他类多功能　Ｆ２公建混合住宅用地．","http://www.landchina.com/default.aspx?tabid=386&comname=default&wmguid=75c72564-ffd9-426a-954b-8ac2df0903b7&recorderguid=91ea58a8-8b18-4784-851e-9384803e8f99",0.000000,0.000000,39.711556,116.281272,0
"1101002012B17727","eaec206d-42aa-45ea-afcc-4c95c306d325","北京市","北京市","北京市","北京市大兴区庞各庄镇镇区改造3号地PGZ02-16、 19、25、 27地块二类居住用地、托幼用地、商业金融用地项目","http://www.landchina.com/default.aspx?tabid=386&comname=default&wmguid=75c72564-ffd9-426a-954b-8ac2df0903b7&recorderguid=eaec206d-42aa-45ea-afcc-4c95c306d325",0.000000,0.000000,39.634000,116.317232,0
"1101002014B00530","6027fd09-bc50-4b6e-a0e3-3f1e0d928bb8","北京市","北京市","北京市","昌平区北七家镇（未来科技城南区）CP07-0600-0008、0011、0016、0017、0018、0020、0021地块F3其它类用地项目","http://www.landchina.com/default.aspx?tabid=386&comname=default&wmguid=75c72564-ffd9-426a-954b-8ac2df0903b7&recorderguid=6027fd09-bc50-4b6e-a0e3-3f1e0d928bb8",0.000000,0.000000,40.116440,116.417936,0
"1101002017B01607","4daf6212-63d6-4c49-8a82-764e56d10de4","北京市","北京市","北京市","北京市昌平区北七家镇003、CP07-0204-0001、010、013地块B4综合性商业金融服务业用地、A61机构养老设施用地、R2二类居住用地、A33基础教育用地","http://www.landchina.com/default.aspx?tabid=386&comname=default&wmguid=75c72564-ffd9-426a-954b-8ac2df0903b7&recorderguid=4daf6212-63d6-4c49-8a82-764e56d10de4",0.000000,0.000000,40.116440,116.417936,0
"1101002017B01400","6d8b4fba-ae1d-4a7c-96af-9fe0b563197e","北京市","北京市","北京市","北京市顺义区后沙峪镇SY00-0019-6001、6003地块R2二类居住用地、SY00-0019-6004地块B1商业用地","http://www.landchina.com/default.aspx?tabid=386&comname=default&wmguid=75c72564-ffd9-426a-954b-8ac2df0903b7&recorderguid=6d8b4fba-ae1d-4a7c-96af-9fe0b563197e",0.000000,0.000000,40.230580,116.539704,0
"1101002011B17296","4ff8ebf8-2886-4749-8dcc-561ee122def3","北京市","北京市","北京市","西城区天桥北里4、6号楼（天桥市场斜街2-50号双，永安路2-24号双，永安路4-1号，天桥北里6号楼1-22号）","http://www.landchina.com/default.aspx?tabid=386&comname=default&wmguid=75c72564-ffd9-426a-954b-8ac2df0903b7&recorderguid=4ff8ebf8-2886-4749-8dcc-561ee122def3",0.000000,0.000000,39.908700,116.360608,0
"1101002016B00627","3eac2d8d-fabf-402c-aece-56ccd277b090","北京市","北京市","北京市","北京市昌平区南邵镇（昌平新城东区六期（东））0302-57地块F1住宅混合公建用地（配建“公共租赁住房”）","http://www.landchina.com/default.aspx?tabid=386&comname=default&wmguid=75c72564-ffd9-426a-954b-8ac2df0903b7&recorderguid=3eac2d8d-fabf-402c-aece-56ccd277b090",0.000000,0.000000,40.067080,116.320032,0
"1101002014B02177","2d726db7-53d9-4123-b7bf-7cd86023082f","北京市","北京市","北京市","北京市昌平区沙河镇北沙河北侧（丽春湖土地一级开发项目）LCH-008地块R2二类居住用地","http://www.landchina.com/default.aspx?tabid=386&comname=default&wmguid=75c72564-ffd9-426a-954b-8ac2df0903b7&recorderguid=2d726db7-53d9-4123-b7bf-7cd86023082f",0.000000,0.000000,40.132432,116.275104,0
"1101002015B01785","ea0234f0-1f55-42eb-afc4-eabf890c71ef","北京市","北京市","北京市","北京市丰台区南苑乡石榴庄村0517-659等地块（丰台区城乡一体化石榴庄村旧村改造项目（二期））住宅混合公建、基础教育及医疗卫生用地（配建“公共租赁住房”）","http://www.landchina.com/default.aspx?tabid=386&comname=default&wmguid=75c72564-ffd9-426a-954b-8ac2df0903b7&recorderguid=ea0234f0-1f55-42eb-afc4-eabf890c71ef",0.000000,0.000000,39.842920,116.416840,0
"1101002014B03284","26ba5d24-0b56-4423-9300-dc6c3fd24417","北京市","北京市","北京市","北京市石景山区老古城综合改造项目C等地块二类居住、综合性商业金融服务业及基础教育用地（配建“限价商品住房”）","http://www.landchina.com/default.aspx?tabid=386&comname=default&wmguid=75c72564-ffd9-426a-954b-8ac2df0903b7&recorderguid=26ba5d24-0b56-4423-9300-dc6c3fd24417",0.000000,0.000000,39.932320,116.201696,0
"1101002014B03333","62e539b1-6158-4759-8216-774ad40fd4f8","北京市","北京市","北京市","北京市丰台区长辛店张郭庄地区（原丰台长辛店生态城一期（北区）B地块）二类居住、托幼及商业金融用地（配建“限价商品住房”）","http://www.landchina.com/default.aspx?tabid=386&comname=default&wmguid=75c72564-ffd9-426a-954b-8ac2df0903b7&recorderguid=62e539b1-6158-4759-8216-774ad40fd4f8",0.000000,0.000000,39.825112,116.203936,0
"1101002015B01538","78e82c59-e3b0-4b47-ae29-b08045abee0a","北京市","北京市","北京市","北京市大兴区瀛海镇区DX08-0002-0304等地块（原瀛海镇西区C5组团土地一级开发项目部分地块）F1住宅混合公建、A33基础教育用地（配建“限价商品住房”）","http://www.landchina.com/default.aspx?tabid=386&comname=default&wmguid=75c72564-ffd9-426a-954b-8ac2df0903b7&recorderguid=78e82c59-e3b0-4b47-ae29-b08045abee0a",0.000000,0.000000,39.756592,116.491912,0
"1101002015B02137","b7dafa00-c081-4dce-9e76-a63273be0d5e","北京市","北京市","北京市","北京市丰台区南苑乡槐房村和新宫村1404-657、659、1401-607地块（丰台区城乡一体化槐房村、新宫村旧村改造项目第一期A组团）二类居住及基础教育用地（配建“公共租赁住房”）","http://www.landchina.com/default.aspx?tabid=386&comname=default&wmguid=75c72564-ffd9-426a-954b-8ac2df0903b7&recorderguid=b7dafa00-c081-4dce-9e76-a63273be0d5e",0.000000,0.000000,39.816000,116.353896,0
"1101002015B01985","ae422f6a-e043-4fc9-8d12-8bbde231e1bd","北京市","北京市","北京市","北京市顺义区后沙峪镇后沙峪村SY -0019-076R2二类居住用地、SY-0019-079A51医院用地（配建“限价商品住房”）","http://www.landchina.com/default.aspx?tabid=386&comname=default&wmguid=75c72564-ffd9-426a-954b-8ac2df0903b7&recorderguid=ae422f6a-e043-4fc9-8d12-8bbde231e1bd",0.000000,0.000000,40.230580,116.539704,0
"1101002011B14251","d94dbbb8-bcb7-4020-bb9d-772cc808c5cb","北京市","北京市","北京市","北京市平谷区马坊镇A03-02、 A03-03、 A04-01、 A04-02、 A05-02地块居住、商业金融、社会停车场库项目","http://www.landchina.com/default.aspx?tabid=386&comname=default&wmguid=75c72564-ffd9-426a-954b-8ac2df0903b7&recorderguid=d94dbbb8-bcb7-4020-bb9d-772cc808c5cb",0.000000,0.000000,40.046568,116.985976,0
"1101002015B02373","eddff9b0-cfc9-4e9f-a810-95ce80218f87","北京市","北京市","北京市","北京市昌平区小汤山镇（未来科技城北区）CP05-0801-0011、13、0015、17地块F1住宅混合公建用地、F2公建混合住宅用地","http://www.landchina.com/default.aspx?tabid=386&comname=default&wmguid=75c72564-ffd9-426a-954b-8ac2df0903b7&recorderguid=eddff9b0-cfc9-4e9f-a810-95ce80218f87",0.000000,0.000000,40.118228,116.416552,0
"1101002015B01393","af5b91c2-bbf1-4c13-8359-240b63ad31d0","北京市","北京市","北京市","北京市大兴区庞各庄镇PGZ01-01、PGZ01-02地块（原庞各庄镇镇区改造项目1号地部分地块）F3其他类多功能、F2公建混合住宅用地（配建“现价商品住房”）","http://www.landchina.com/default.aspx?tabid=386&comname=default&wmguid=75c72564-ffd9-426a-954b-8ac2df0903b7&recorderguid=af5b91c2-bbf1-4c13-8359-240b63ad31d0",0.000000,0.000000,39.711556,116.281272,0
"1101002015B01580","2ba900e3-b3b3-4cc4-8bf6-53427ad03a1b","北京市","北京市","北京市","北京市房山区拱辰街道16-03-04、16-01-05等地块（良乡高教园区西部生活区西区）二类居住、综合性商业金融服务业、基础教育、社会福利及医疗卫生用地","http://www.landchina.com/default.aspx?tabid=386&comname=default&wmguid=75c72564-ffd9-426a-954b-8ac2df0903b7&recorderguid=2ba900e3-b3b3-4cc4-8bf6-53427ad03a1b",0.000000,0.000000,39.750000,116.171192,0
"1101002015B01401","450f6463-a68b-4b31-a8e7-45e6a912e362","北京市","北京市","北京市","北京市大兴区瀛海镇区DX08-0002-0301地块（原瀛海镇西区C5组团土地一级开发项目部分地块）F1住宅混合公建用地（配建“限价商品住房”）","http://www.landchina.com/default.aspx?tabid=386&comname=default&wmguid=75c72564-ffd9-426a-954b-8ac2df0903b7&recorderguid=450f6463-a68b-4b31-a8e7-45e6a912e362",0.000000,0.000000,39.756592,116.491912,0
"1101002017B01273","8f6039cf-0bfc-4240-ba29-7aab5e0417db","北京市","北京市","北京市","北京市丰台区长辛店镇辛庄村（一期）A-41地块R2二类居住用地、A-42地块R53托幼用地、A-22地块R51中学用地（配建限价商品住房）","http://www.landchina.com/default.aspx?tabid=386&comname=default&wmguid=75c72564-ffd9-426a-954b-8ac2df0903b7&recorderguid=8f6039cf-0bfc-4240-ba29-7aab5e0417db",0.000000,0.000000,39.831328,116.198344,0
"1101002017B00249","f35b014b-6ad3-475e-86d9-6edb75bcf539","北京市","北京市","北京市","北京市朝阳区东风乡豆各庄村0311-610等地块（东风乡农民安置房项目）二类居住及基础教育用地","http://www.landchina.com/default.aspx?tabid=386&comname=default&wmguid=75c72564-ffd9-426a-954b-8ac2df0903b7&recorderguid=f35b014b-6ad3-475e-86d9-6edb75bcf539",0.000000,0.000000,39.862292,116.564104,0
"1101002017B00794","7d82aff4-8a84-4134-8c6c-616543111007","北京市","北京市","北京市","北京市丰台区城乡一体化槐房村新宫村旧村改造二期NY-005地块R2二类居住用地、NY-006地块A33基础教育用地","http://www.landchina.com/default.aspx?tabid=386&comname=default&wmguid=75c72564-ffd9-426a-954b-8ac2df0903b7&recorderguid=7d82aff4-8a84-4134-8c6c-616543111007",0.000000,0.000000,39.816000,116.353896,0
"1101002016B00291","9e77a01f-99a6-4753-9e1d-072bf4bc827f","北京市","北京市","北京市","北京市大兴区黄村镇四街、五街、六街村项目DX00-0208-6001等地块R2二类居住、U17邮政设施、B4综合性商业金融服务业、A33基础教育用地","http://www.landchina.com/default.aspx?tabid=386&comname=default&wmguid=75c72564-ffd9-426a-954b-8ac2df0903b7&recorderguid=9e77a01f-99a6-4753-9e1d-072bf4bc827f",0.000000,0.000000,39.738576,116.326768,0
"1101002015B02116","307f58be-61b5-4a69-84f2-ae9642f45401","北京市","北京市","北京市","北京市丰台区南苑乡槐房村和新宫村1404-669、670、665、666、668地块（丰台区城乡一体化槐房村、新宫村旧村改造项目第一期B组团）二类居住、基础教育、社会福利、文化设施及公交枢纽用地（配建“公共租赁住房”） ","http://www.landchina.com/default.aspx?tabid=386&comname=default&wmguid=75c72564-ffd9-426a-954b-8ac2df0903b7&recorderguid=307f58be-61b5-4a69-84f2-ae9642f45401",0.000000,0.000000,39.816000,116.353896,0
"1101002013B02436","342670e8-3873-47b1-9f97-74c6dd6e75da","北京市","北京市","北京市","北京市房山区长阳镇起步区九号地03-9-02等地块其它类多功能、文化娱乐、社会停车场库、交通设施及邮电设施用地","http://www.landchina.com/default.aspx?tabid=386&comname=default&wmguid=75c72564-ffd9-426a-954b-8ac2df0903b7&recorderguid=342670e8-3873-47b1-9f97-74c6dd6e75da",0.000000,0.000000,39.759160,116.183896,0
"1101002014B02668","b5778f2c-0b25-44e6-9f4b-2e238a18602b","北京市","北京市","北京市","东城区北河胡同37号、焕新胡同1号、焕新胡同3号玉河历史文化保护区保护修缮项目南区SC06-2地块","http://www.landchina.com/default.aspx?tabid=386&comname=default&wmguid=75c72564-ffd9-426a-954b-8ac2df0903b7&recorderguid=b5778f2c-0b25-44e6-9f4b-2e238a18602b",0.000000,0.000000,39.931304,116.395328,0
"1101002015B02529","923c7074-d8a8-4063-841a-2c99229b265d","北京市","北京市","北京市","北京市昌平区百善三角地项目CP00-0600-0041地块R2二类居住用地、CP00-0600-0042地块B1商业用地（限价商品住房项目） ","http://www.landchina.com/default.aspx?tabid=386&comname=default&wmguid=75c72564-ffd9-426a-954b-8ac2df0903b7&recorderguid=923c7074-d8a8-4063-841a-2c99229b265d",0.000000,0.000000,40.061132,116.414760,0
"1101002014B00901","4ca3fe09-e964-435a-9118-3dcd83413653","北京市","北京市","北京市","北京市昌平区北七家镇R2二类居住、C2商业金融、U21公共交通、R54中小学合校、R53托幼等用地项目","http://www.landchina.com/default.aspx?tabid=386&comname=default&wmguid=75c72564-ffd9-426a-954b-8ac2df0903b7&recorderguid=4ca3fe09-e964-435a-9118-3dcd83413653",0.000000,0.000000,40.116440,116.417936,0
"1101002017B02277","0e7f6d89-ec04-41d4-9e5c-3b7f00d6c82e","北京市","北京市","北京市","北京市大兴区魏善庄镇2016年世界月季大会周边配套（国家新媒体产业基地B组团）土地一级开发项目AA-43(DX07-0102-6011)地块R2二类居住用地项目AA-43(DX07-0102-6011)地块R2二类居住用地","http://www.landchina.com/default.aspx?tabid=386&comname=default&wmguid=75c72564-ffd9-426a-954b-8ac2df0903b7&recorderguid=0e7f6d89-ec04-41d4-9e5c-3b7f00d6c82e",0.000000,0.000000,39.758344,116.341472,0
"1101002017B02239","7c249052-dff9-4e43-9acf-6b4d30edc812","北京市","北京市","北京市","北京市海淀区“海淀北部地区整体开发”西北旺镇亮甲店村HD00-0404-6005、6006地块R2二类居住用地","http://www.landchina.com/default.aspx?tabid=386&comname=default&wmguid=75c72564-ffd9-426a-954b-8ac2df0903b7&recorderguid=7c249052-dff9-4e43-9acf-6b4d30edc812",0.000000,0.000000,39.958079,116.292384,0
"1101002015B01343","65051ec5-cc2c-41f6-9113-b7ecad891b4e","北京市","北京市","北京市","北京市大兴区采育镇区六号地-1土地一级开发项目01-0044地块B4综合性商业金融服务业用地","http://www.landchina.com/default.aspx?tabid=386&comname=default&wmguid=75c72564-ffd9-426a-954b-8ac2df0903b7&recorderguid=65051ec5-cc2c-41f6-9113-b7ecad891b4e",0.000000,0.000000,39.758092,116.499096,0
"1101002013B04534","5da276d8-b2ca-4d45-bc5a-0e9c6b1dfff1","北京市","北京市","北京市","北京市门头沟区门头沟新城MC08-014/015地块住宅混合公建、商业金融用地（配建“经济适用住房”、“自住型商品住房”","http://www.landchina.com/default.aspx?tabid=386&comname=default&wmguid=75c72564-ffd9-426a-954b-8ac2df0903b7&recorderguid=5da276d8-b2ca-4d45-bc5a-0e9c6b1dfff1",0.000000,0.000000,39.942600,116.100480,0
"1101002016B00658","fd460044-aeb0-405e-80ad-67ab4aae19c3","北京市","北京市","北京市","北京市昌平区南邵镇（昌平新城东区六期（东））0302-70地块F1住宅混合公建用地（配建“公共租赁住房”）","http://www.landchina.com/default.aspx?tabid=386&comname=default&wmguid=75c72564-ffd9-426a-954b-8ac2df0903b7&recorderguid=fd460044-aeb0-405e-80ad-67ab4aae19c3",0.000000,0.000000,40.067080,116.320032,0
"1101002018B00447","7b4752dd-1358-470f-ae91-9e7c7ad5c833","北京市","北京市","北京市","北京市昌平区沙河镇丽春湖LCH-010等地块R2二类居住用地、F1住宅混合公建用地、B4综合性商业金融服务业用地、A33基础教育用地","http://www.landchina.com/default.aspx?tabid=386&comname=default&wmguid=75c72564-ffd9-426a-954b-8ac2df0903b7&recorderguid=7b4752dd-1358-470f-ae91-9e7c7ad5c833",0.000000,0.000000,40.220188,116.220400,0
"1101002013B04061","004be4f3-fdc3-428c-a917-8f3b29997541","北京市","北京市","北京市","通州区于家务乡A06等地块居住用地、A-11地块托幼用地、A-27地块社会停车场库用地、A-28地块商业金融用地（配建经济适用住房）","http://www.landchina.com/default.aspx?tabid=386&comname=default&wmguid=75c72564-ffd9-426a-954b-8ac2df0903b7&recorderguid=004be4f3-fdc3-428c-a917-8f3b29997541",0.000000,0.000000,39.717800,116.697872,0
"1101002017B02353","da7dde74-7392-4099-8921-90db58ad6d60","北京市","北京市","北京市","北京市石景山区五里坨建设组团二1601-053地块等F3其他类多功能用地、R2二类居住用地、A334基础教育用地","http://www.landchina.com/default.aspx?tabid=386&comname=default&wmguid=75c72564-ffd9-426a-954b-8ac2df0903b7&recorderguid=da7dde74-7392-4099-8921-90db58ad6d60",0.000000,0.000000,39.951140,116.116864,0
"1101002014B02827","b9c544f1-ce94-45e6-8233-0afb31e1fb05","北京市","北京市","北京市","北京市海淀北部地区整体开发中关村翠湖科技园HD-0302-195、HD-0302-224地块C2商业金融用地","http://www.landchina.com/default.aspx?tabid=386&comname=default&wmguid=75c72564-ffd9-426a-954b-8ac2df0903b7&recorderguid=b9c544f1-ce94-45e6-8233-0afb31e1fb05",0.000000,0.000000,40.063200,116.155472,0
"1101002016B01486","475c7d78-afe5-4223-8df3-14a96ebc0963","北京市","北京市","北京市","北京市海淀区“海淀北部地区整体开发”永丰产业基地（新）HD00-0401-0062、0166、0158地块二类居住用地","http://www.landchina.com/default.aspx?tabid=386&comname=default&wmguid=75c72564-ffd9-426a-954b-8ac2df0903b7&recorderguid=475c7d78-afe5-4223-8df3-14a96ebc0963",0.000000,0.000000,39.958079,116.292384,0
"1101002014B02488","f25fecfd-6afd-400c-8a01-7fd6eb10fd6b","北京市","北京市","北京市","北京市房山区房山新城良乡组团14街区14-03-10等地块（原良乡物流基地商品展销中心项目）商业金融及社会停车场库用地","http://www.landchina.com/default.aspx?tabid=386&comname=default&wmguid=75c72564-ffd9-426a-954b-8ac2df0903b7&recorderguid=f25fecfd-6afd-400c-8a01-7fd6eb10fd6b",0.000000,0.000000,39.721228,116.110136,0
"1101002014B01360","32714699-7343-41f8-bcbd-2baa9e39d3f0","北京市","北京市","北京市","北京市大兴区黄村镇DX00-0101-0201等地块F2公建混合住宅用地项目（配建限价商品住房）","http://www.landchina.com/default.aspx?tabid=386&comname=default&wmguid=75c72564-ffd9-426a-954b-8ac2df0903b7&recorderguid=32714699-7343-41f8-bcbd-2baa9e39d3f0",0.000000,0.000000,39.689300,116.312656,0
"1101002015B02040","a54b6c2b-325b-492a-8d0e-18358dcb5b43","北京市","北京市","北京市","北京市丰台区花乡四合庄（中关村科技园丰台园东区三期）1516-28-A地块B4综合性商业金融服务业用地","http://www.landchina.com/default.aspx?tabid=386&comname=default&wmguid=75c72564-ffd9-426a-954b-8ac2df0903b7&recorderguid=a54b6c2b-325b-492a-8d0e-18358dcb5b43",0.000000,0.000000,39.867280,116.272848,0
